{
  "version": 2,
  "builds": [
    {
      "src": "api/index.py",
      "use": "@vercel/python"
    },
    {
      "src": "src/static/**",
      "use": "@vercel/static"
    }
  ],
  "routes": [
    {
      "src": "/static/(.*)",
      "dest": "/src/static/$1"
    },
    {
      "src": "/api/(.*)",
      "dest": "/api/index.py"
    },
    {
      "src": "/(.*)",
      "dest": "/api/index.py"
    }
  ],
  "env": {
    "FLASK_ENV": "production"
  },
  "functions": {
    "api/index.py": {
      "maxDuration": 30
    }
  }
}

